{"cameraMode":{"drawMode":0,"name":"Shaded","section":"Shading Mode"},"sceneLighting":false,"audioPlay":false,"sceneViewState":{"showFog":true,"showMaterialUpdate":false,"showSkybox":false,"showFlares":true,"showImageEffects":true,"showParticleSystems":true},"in2DMode":false,"pivot":{"x":-3.2260124683380129,"y":5.740814208984375,"z":5.637760639190674},"rotation":{"x":0.10520081222057343,"y":0.6955493688583374,"z":-0.1040535718202591,"w":0.7031019330024719},"size":5.49551248550415,"orthographic":false}