{"cameraMode":{"drawMode":0,"name":"Shaded","section":"Shading Mode"},"sceneLighting":false,"audioPlay":false,"sceneViewState":{"showFog":true,"showMaterialUpdate":false,"showSkybox":false,"showFlares":true,"showImageEffects":true,"showParticleSystems":true},"in2DMode":false,"pivot":{"x":0.17706990242004395,"y":1.840600609779358,"z":0.3221096992492676},"rotation":{"x":0.21483440697193147,"y":0.6485794186592102,"z":-0.20018255710601808,"w":0.7028674483299255},"size":19.303329467773439,"orthographic":false}