{"cameraMode":{"drawMode":0,"name":"Shaded","section":"Shading Mode"},"sceneLighting":false,"audioPlay":false,"sceneViewState":{"showFog":true,"showMaterialUpdate":false,"showSkybox":false,"showFlares":true,"showImageEffects":true,"showParticleSystems":true},"in2DMode":false,"pivot":{"x":0.9830162525177002,"y":-4.350963592529297,"z":4.601505279541016},"rotation":{"x":0.31334787607192995,"y":0.6311535835266113,"z":-0.3098142147064209,"w":0.6384366154670715},"size":6.1021904945373539,"orthographic":false}