{"cameraMode":{"drawMode":0,"name":"Shaded","section":"Shading Mode"},"sceneLighting":false,"audioPlay":false,"sceneViewState":{"showFog":true,"showMaterialUpdate":false,"showSkybox":false,"showFlares":true,"showImageEffects":true,"showParticleSystems":true},"in2DMode":false,"pivot":{"x":6.038384437561035,"y":-4.69521427154541,"z":-17.127744674682618},"rotation":{"x":0.05858162045478821,"y":0.940139889717102,"z":-0.2511325776576996,"w":0.2248544842004776},"size":36.40216064453125,"orthographic":false}