{"cameraMode":{"drawMode":0,"name":"Shaded","section":"Shading Mode"},"sceneLighting":false,"audioPlay":false,"sceneViewState":{"showFog":true,"showMaterialUpdate":false,"showSkybox":false,"showFlares":true,"showImageEffects":true,"showParticleSystems":true},"in2DMode":false,"pivot":{"x":219.25189208984376,"y":156.95016479492188,"z":105.96334838867188},"rotation":{"x":-0.023433055728673936,"y":0.04486347734928131,"z":0.00007347855716943741,"w":0.9991536736488342},"size":362.218994140625,"orthographic":false}