{"cameraMode":{"drawMode":0,"name":"Shaded","section":"Shading Mode"},"sceneLighting":false,"audioPlay":false,"sceneViewState":{"showFog":true,"showMaterialUpdate":false,"showSkybox":false,"showFlares":true,"showImageEffects":true,"showParticleSystems":true},"in2DMode":false,"pivot":{"x":3.4008548259735109,"y":-8.290876388549805,"z":-29.431760787963868},"rotation":{"x":0.006493931170552969,"y":0.986804187297821,"z":-0.15708288550376893,"w":0.048934873193502429},"size":39.68994903564453,"orthographic":false}