{"cameraMode":{"drawMode":0,"name":"Shaded","section":"Shading Mode"},"sceneLighting":true,"audioPlay":false,"sceneViewState":{"showFog":true,"showMaterialUpdate":false,"showSkybox":true,"showFlares":true,"showImageEffects":true,"showParticleSystems":true},"in2DMode":false,"pivot":{"x":239.97012329101563,"y":145.20164489746095,"z":-62.843753814697269},"rotation":{"x":-0.03599878028035164,"y":0.17746418714523316,"z":0.006506197154521942,"w":0.9834700226783752},"size":282.259033203125,"orthographic":false}