{"cameraMode":{"drawMode":0,"name":"Shaded","section":"Shading Mode"},"sceneLighting":false,"audioPlay":false,"sceneViewState":{"showFog":true,"showMaterialUpdate":false,"showSkybox":false,"showFlares":true,"showImageEffects":true,"showParticleSystems":true},"in2DMode":false,"pivot":{"x":-12.042861938476563,"y":11.246129989624024,"z":0.1537313461303711},"rotation":{"x":0.0014899005182087422,"y":0.9787755608558655,"z":0.20523668825626374,"w":-0.006797615438699722},"size":9.858038902282715,"orthographic":false}