{"cameraMode":{"drawMode":0,"name":"Shaded","section":"Shading Mode"},"sceneLighting":false,"audioPlay":false,"sceneViewState":{"showFog":true,"showMaterialUpdate":false,"showSkybox":false,"showFlares":true,"showImageEffects":true,"showParticleSystems":true},"in2DMode":false,"pivot":{"x":0.6965446472167969,"y":6.617401599884033,"z":-2.6466121673583986},"rotation":{"x":-0.012559501454234124,"y":-0.962934136390686,"z":0.05068157985806465,"w":-0.2663702964782715},"size":17.343502044677736,"orthographic":false}