{"cameraMode":{"drawMode":0,"name":"Shaded","section":"Shading Mode"},"sceneLighting":false,"audioPlay":false,"sceneViewState":{"showFog":true,"showMaterialUpdate":false,"showSkybox":false,"showFlares":true,"showImageEffects":true,"showParticleSystems":true},"in2DMode":false,"pivot":{"x":-0.40819215774536135,"y":3.2819530963897707,"z":1.6372723579406739},"rotation":{"x":0.03776867687702179,"y":0.94429612159729,"z":-0.12116792052984238,"w":0.3051525950431824},"size":9.83401107788086,"orthographic":false}