{"cameraMode":{"drawMode":0,"name":"Shaded","section":"Shading Mode"},"sceneLighting":false,"audioPlay":false,"sceneViewState":{"showFog":true,"showMaterialUpdate":false,"showSkybox":false,"showFlares":true,"showImageEffects":true,"showParticleSystems":true},"in2DMode":false,"pivot":{"x":-2.6600000858306886,"y":4.170000076293945,"z":5.46999979019165},"rotation":{"x":0.09192590415477753,"y":0.7168217301368713,"z":-0.09627684205770493,"w":0.6844488978385925},"size":6.141659736633301,"orthographic":false}