{"cameraMode":{"drawMode":0,"name":"Shaded","section":"Shading Mode"},"sceneLighting":false,"audioPlay":false,"sceneViewState":{"showFog":true,"showMaterialUpdate":false,"showSkybox":false,"showFlares":true,"showImageEffects":true,"showParticleSystems":true},"in2DMode":false,"pivot":{"x":-0.2592647075653076,"y":-0.9475574493408203,"z":-16.8729248046875},"rotation":{"x":-0.00370543054305017,"y":0.9973306655883789,"z":-0.06497706472873688,"w":-0.04441224783658981},"size":27.74945831298828,"orthographic":false}