{"cameraMode":{"drawMode":0,"name":"Shaded","section":"Shading Mode"},"sceneLighting":false,"audioPlay":false,"sceneViewState":{"showFog":true,"showMaterialUpdate":false,"showSkybox":false,"showFlares":true,"showImageEffects":true,"showParticleSystems":true},"in2DMode":false,"pivot":{"x":-2.6079444885253908,"y":0.7747912406921387,"z":0.0652458667755127},"rotation":{"x":0.1596294641494751,"y":0.7017781734466553,"z":-0.16617223620414735,"w":0.6741195917129517},"size":16.68411636352539,"orthographic":false}