{"cameraMode":{"drawMode":0,"name":"Shaded","section":"Shading Mode"},"sceneLighting":false,"audioPlay":false,"sceneViewState":{"showFog":true,"showMaterialUpdate":false,"showSkybox":false,"showFlares":true,"showImageEffects":true,"showParticleSystems":true},"in2DMode":false,"pivot":{"x":-5.912313461303711,"y":-1.0134028196334839,"z":5.333742141723633},"rotation":{"x":0.12462463974952698,"y":-0.7559384703636169,"z":0.14924553036689759,"w":0.6257961392402649},"size":10.433676719665528,"orthographic":false}