{"cameraMode":{"drawMode":0,"name":"Shaded","section":"Shading Mode"},"sceneLighting":false,"audioPlay":false,"sceneViewState":{"showFog":true,"showMaterialUpdate":false,"showSkybox":false,"showFlares":true,"showImageEffects":true,"showParticleSystems":true},"in2DMode":false,"pivot":{"x":17.765350341796876,"y":-6.352238178253174,"z":-19.013471603393556},"rotation":{"x":0.056679241359233859,"y":0.9150177240371704,"z":-0.14186610281467439,"w":0.3745643198490143},"size":40.17561721801758,"orthographic":false}