{"cameraMode":{"drawMode":0,"name":"Shaded","section":"Shading Mode"},"sceneLighting":false,"audioPlay":false,"sceneViewState":{"showFog":true,"showMaterialUpdate":false,"showSkybox":false,"showFlares":true,"showImageEffects":true,"showParticleSystems":true},"in2DMode":false,"pivot":{"x":-3.060999631881714,"y":5.514213562011719,"z":4.2526702880859379},"rotation":{"x":-0.09312997758388519,"y":0.6805927753448486,"z":0.08786898851394654,"w":0.7214052677154541},"size":3.1416585445404054,"orthographic":false}