{"cameraMode":{"drawMode":0,"name":"Shaded","section":"Shading Mode"},"sceneLighting":false,"audioPlay":false,"sceneViewState":{"showFog":true,"showMaterialUpdate":false,"showSkybox":false,"showFlares":true,"showImageEffects":true,"showParticleSystems":true},"in2DMode":false,"pivot":{"x":-1.761285662651062,"y":1.0492160320281983,"z":-0.021768420934677125},"rotation":{"x":-0.2930830121040344,"y":-0.49892985820770266,"z":0.18410490453243257,"w":-0.7945769429206848},"size":5.036745548248291,"orthographic":false}