{"cameraMode":{"drawMode":0,"name":"Shaded","section":"Shading Mode"},"sceneLighting":false,"audioPlay":false,"sceneViewState":{"showFog":true,"showMaterialUpdate":false,"showSkybox":false,"showFlares":true,"showImageEffects":true,"showParticleSystems":true},"in2DMode":false,"pivot":{"x":-9.733846664428711,"y":-0.0014100074768066407,"z":0.25906044244766238},"rotation":{"x":0.11377693712711334,"y":-0.6939906477928162,"z":0.10979417711496353,"w":0.7030882835388184},"size":16.50995635986328,"orthographic":false}