{"cameraMode":{"drawMode":0,"name":"Shaded","section":"Shading Mode"},"sceneLighting":false,"audioPlay":false,"sceneViewState":{"showFog":true,"showMaterialUpdate":false,"showSkybox":false,"showFlares":true,"showImageEffects":true,"showParticleSystems":true},"in2DMode":false,"pivot":{"x":-0.4245060682296753,"y":1.5341483354568482,"z":-0.03471064567565918},"rotation":{"x":0.011223037727177143,"y":0.9788300395011902,"z":-0.05616997927427292,"w":0.19669018685817719},"size":3.8244829177856447,"orthographic":false}