{"cameraMode":{"drawMode":0,"name":"Shaded","section":"Shading Mode"},"sceneLighting":false,"audioPlay":false,"sceneViewState":{"showFog":true,"showMaterialUpdate":false,"showSkybox":false,"showFlares":true,"showImageEffects":true,"showParticleSystems":true},"in2DMode":false,"pivot":{"x":-0.14805325865745545,"y":0.8960700035095215,"z":0.1360173225402832},"rotation":{"x":-0.008665758185088635,"y":-0.9724335670471191,"z":0.231214240193367,"w":-0.04039487615227699},"size":4.918512344360352,"orthographic":false}