{"cameraMode":{"drawMode":0,"name":"Shaded","section":"Shading Mode"},"sceneLighting":false,"audioPlay":false,"sceneViewState":{"showFog":true,"showMaterialUpdate":false,"showSkybox":false,"showFlares":true,"showImageEffects":true,"showParticleSystems":true},"in2DMode":false,"pivot":{"x":0.15215754508972169,"y":1.9138245582580567,"z":-1.551615595817566},"rotation":{"x":0.028896212577819825,"y":0.9701200127601624,"z":-0.17796261608600617,"w":0.16517293453216554},"size":23.74009895324707,"orthographic":false}