{"cameraMode":{"drawMode":0,"name":"Shaded","section":"Shading Mode"},"sceneLighting":false,"audioPlay":false,"sceneViewState":{"showFog":true,"showMaterialUpdate":false,"showSkybox":false,"showFlares":true,"showImageEffects":true,"showParticleSystems":true},"in2DMode":false,"pivot":{"x":5.471883773803711,"y":5.539999961853027,"z":-0.5100001096725464},"rotation":{"x":-0.0009036854607984424,"y":0.9965385794639587,"z":-0.010772301815450192,"w":-0.08269128203392029},"size":6.661806106567383,"orthographic":false}